Model,Optimization,Total model run time,Avg. 'kernel' inference time per batch,Avg. 'kernel' inference time per image,Total kernel run time,Avg. model run time per batch,Avg. model run time per image,Overhead per batch,Total Overhead,FPS,Peak Memory,Peak Memory Accelerator,Weights Memory,Accuracy
resnet18,Base,2209.331055,3.078315,3.078315,2200.995225,3.089974,3.089974,0.011659000000000308,8.33618500000022,323.62737054814085,0.14,10.97,10.183093070983887,87.83
resnet18,Pruning,2048.202148,2.857745,2.857745,2043.287675,2.864618,2.864618,0.006873000000000129,4.914195000000092,349.08663712621006,0.14,9.62,9.323553085327148,67.69
resnet18,Distillation,2102.447266,2.928286,2.928286,2093.72449,2.940486,2.940486,0.012199999999999989,8.722999999999992,340.0798733755256,0.14,10.98,10.13451862335205,99.3
mobilenet_v2,Base,2084.297363,2.905434,2.905434,2077.38531,2.915101,2.915101,0.00966699999999987,6.911904999999907,343.04126306184844,0.14,2.84,3.390448570251465,67.41
mobilenet_v2,Pruning,2064.291504,2.876151,2.876151,2056.4479650000003,2.887121,2.887121,0.010969999999999924,7.843549999999945,346.36581055269414,0.14,2.58,3.3179101943969727,69.09
mobilenet_v2,Distillation,2144.749756,2.990704,2.990704,2138.35336,2.99965,2.99965,0.008945999999999898,6.396389999999927,333.3722258271701,0.14,2.84,3.4067869186401367,79.44
efficientnet_b0,Base,20368.887695,28.477424,28.477424,20361.35816,28.487955,28.487955,0.01053100000000029,7.529665000000207,35.10255497041759,0.44,4.36,6.12664794921875,63.5
efficientnet_b0,Pruning,18727.552246,26.185991,26.185991,18722.983565000002,26.192381,26.192381,0.006389999999999674,4.568849999999767,38.179041799374296,0.42,3.75,5.6285200119018555,36.92
efficientnet_b0,Distillation,20365.631592,28.477379,28.477379,20361.325985,28.483401,28.483401,0.006022000000001526,4.305730000001091,35.10816724588425,0.44,4.36,6.1744585037231445,44.76
mnasnet1_0,Base,2120.730713,2.950003,2.950003,2109.252145,2.966057,2.966057,0.016054000000000013,11.478610000000009,337.1479441576796,0.14,3.94,4.155346870422363,82.94
mnasnet1_0,Pruning,1987.612549,2.770784,2.770784,1981.1105599999999,2.779878,2.779878,0.009094000000000158,6.502210000000113,359.72805683870735,0.14,3.66,3.8280601501464844,69.37
mnasnet1_0,Distillation,2002.885498,2.794482,2.794482,1998.0546299999999,2.801238,2.801238,0.006756000000000206,4.8305400000001475,356.98496030550416,0.14,3.94,4.023832321166992,85.59
resnet18,Base,1716.758789,2.391684,2.391684,1710.0540600000002,2.401061,2.401061,0.009376999999999747,6.704554999999819,416.4825044620756,0.14,10.97,10.183093070983887,87.83
resnet18,Pruning,2013.773193,2.810657,2.810657,2009.619755,2.816466,2.816466,0.005809000000000175,4.153435000000125,355.0548803039906,0.14,9.62,9.323553085327148,67.69
resnet18,Distillation,2061.055176,2.874333,2.874333,2055.148095,2.882595,2.882595,0.00826199999999977,5.907329999999835,346.909684090864,0.14,10.98,10.13451862335205,99.3
mobilenet_v2,Base,2145.001465,2.988625,2.988625,2136.8668749999997,3.000002,3.000002,0.01137699999999997,8.13455499999998,333.3331056722612,0.14,2.84,3.390448570251465,67.41
mobilenet_v2,Pruning,2169.206543,3.024128,3.024128,2162.2515200000003,3.033855,3.033855,0.009726999999999819,6.954804999999871,329.61361024255405,0.14,2.58,3.3179101943969727,69.09
mobilenet_v2,Distillation,2079.076904,2.896888,2.896888,2071.2749200000003,2.9078,2.9078,0.01091199999999981,7.802079999999865,343.90262266123466,0.14,2.84,3.4067869186401367,79.44
efficientnet_b0,Base,20371.429199,28.47758,28.47758,20361.4697,28.491509,28.491509,0.013929000000000968,9.959235000000692,35.09817563684232,0.44,4.36,6.12664794921875,63.5
efficientnet_b0,Pruning,18726.543213,26.185296,26.185296,18722.48664,26.19097,26.19097,0.005673999999999069,4.056909999999334,38.18109898166607,0.42,3.75,5.6285200119018555,36.92
efficientnet_b0,Distillation,20366.002197,28.478126,28.478126,20361.86009,28.483919,28.483919,0.005793000000000603,4.141995000000431,35.10752837419032,0.44,4.36,6.1744585037231445,44.76
mnasnet1_0,Base,2130.942871,2.974346,2.974346,2126.6573900000003,2.98034,2.98034,0.005993999999999833,4.285709999999881,335.53222366044366,0.14,3.94,4.155346870422363,82.94
mnasnet1_0,Pruning,2184.486572,3.045799,3.045799,2177.746285,3.055226,3.055226,0.009427000000000074,6.740305000000053,327.3080316284041,0.14,3.66,3.8280601501464844,69.37
mnasnet1_0,Distillation,2135.609863,2.975511,2.975511,2127.490365,2.986867,2.986867,0.011356000000000144,8.119540000000104,334.79897821580715,0.14,3.94,4.023832321166992,85.59
resnet18,Base,1545.493164,2.155346,2.155346,1541.07239,2.161529,2.161529,0.0061829999999996055,4.4208449999997175,462.6354982699878,0.14,10.97,10.183093070983887,87.83
resnet18,Pruning,2022.15332,2.822243,2.822243,2017.9037449999998,2.828186,2.828186,0.005943000000000254,4.249245000000181,353.5834760541303,0.14,9.62,9.323553085327148,67.69
resnet18,Distillation,1980.131836,2.754764,2.754764,1969.6562600000002,2.769415,2.769415,0.014650999999999748,10.475464999999819,361.0870685480964,0.14,10.98,10.13451862335205,99.3
mobilenet_v2,Base,2160.383301,3.014796,3.014796,2155.57914,3.021515,3.021515,0.0067189999999999195,4.804084999999942,330.95978832508115,0.14,2.84,3.390448570251465,67.41
mobilenet_v2,Pruning,2145.228516,2.994456,2.994456,2141.03604,3.00032,3.00032,0.005863999999999869,4.192759999999907,333.2978256942022,0.14,2.58,3.3179101943969727,69.09
mobilenet_v2,Distillation,2217.639893,3.094523,3.094523,2212.5839450000003,3.101594,3.101594,0.007070999999999827,5.055764999999877,322.4148349138667,0.14,2.84,3.4067869186401367,79.44
efficientnet_b0,Base,20370.75,28.484927,28.484927,20366.722804999998,28.490559,28.490559,0.00563200000000208,4.026880000001487,35.09934587582686,0.44,4.36,6.12664794921875,63.5
efficientnet_b0,Pruning,18728.179443,26.186964,26.186964,18723.67926,26.193258,26.193258,0.006294000000000466,4.500210000000333,38.17776320309897,0.42,3.75,5.6285200119018555,36.92
efficientnet_b0,Distillation,20365.769531,28.477928,28.477928,20361.71852,28.483594,28.483594,0.005666000000001503,4.051190000001075,35.10792945543522,0.44,4.36,6.1744585037231445,44.76
mnasnet1_0,Base,1925.439209,2.685277,2.685277,1919.9730550000002,2.692922,2.692922,0.00764499999999968,5.466174999999771,371.34384542389364,0.14,3.94,4.155346870422363,82.94
mnasnet1_0,Pruning,2004.553467,2.797813,2.797813,2000.436295,2.803571,2.803571,0.005757999999999708,4.116969999999791,356.6879166710698,0.14,3.66,3.8280601501464844,69.37
mnasnet1_0,Distillation,2121.507568,2.961259,2.961259,2117.300185,2.967143,2.967143,0.005884,4.20706,337.0244871075567,0.14,3.94,4.023832321166992,85.59
resnet18,Base,1964.352051,2.739778,2.739778,1958.9412699999998,2.747346,2.747346,0.007568000000000019,5.411120000000014,363.98770761891296,0.14,10.97,10.183093070983887,87.83
resnet18,Pruning,2378.421631,3.316378,3.316378,2371.21027,3.326464,3.326464,0.010086000000000261,7.211490000000187,300.6195330049115,0.14,9.62,9.323553085327148,67.69
resnet18,Distillation,1567.280762,2.183279,2.183279,1561.0444850000001,2.192001,2.192001,0.008721999999999674,6.236229999999767,456.20415775894014,0.14,10.98,10.13451862335205,99.3
mobilenet_v2,Base,2036.262939,2.839392,2.839392,2030.1652800000002,2.84792,2.84792,0.008527999999999647,6.097519999999747,351.1334348358437,0.14,2.84,3.390448570251465,67.41
mobilenet_v2,Pruning,2091.657715,2.919265,2.919265,2087.274475,2.925395,2.925395,0.006129999999999747,4.382949999999819,341.83413226384414,0.14,2.58,3.3179101943969727,69.09
mobilenet_v2,Distillation,2154.493896,3.007416,3.007416,2150.30244,3.013278,3.013278,0.005862000000000034,4.191330000000024,331.8644816434421,0.14,2.84,3.4067869186401367,79.44
efficientnet_b0,Base,20368.572754,28.477421,28.477421,20361.356015,28.487514,28.487514,0.01009300000000124,7.2164950000008865,35.10309772979001,0.44,4.36,6.12664794921875,63.5
efficientnet_b0,Pruning,18727.241943,26.185249,26.185249,18722.453035,26.191947,26.191947,0.006698000000000093,4.789070000000066,38.179674411012655,0.42,3.75,5.6285200119018555,36.92
efficientnet_b0,Distillation,20368.339111,28.479155,28.479155,20362.595825,28.487188,28.487188,0.008033000000001067,5.743595000000763,35.10350039360163,0.44,4.36,6.1744585037231445,44.76
mnasnet1_0,Base,1805.259277,2.511999,2.511999,1796.0792849999998,2.524838,2.524838,0.012839000000000045,9.179885000000032,396.06499138904576,0.14,3.94,4.155346870422363,82.94
mnasnet1_0,Pruning,1935.306641,2.695375,2.695375,1927.193125,2.706723,2.706723,0.011348000000000358,8.113820000000256,369.4504968114766,0.14,3.66,3.8280601501464844,69.37
mnasnet1_0,Distillation,2154.198975,3.004634,3.004634,2148.31331,3.012866,3.012866,0.008232000000000017,5.885880000000013,331.90991561027926,0.14,3.94,4.023832321166992,85.59
resnet18,Base,1625.08252,2.263892,2.263892,1618.6827799999999,2.272843,2.272843,0.008951000000000153,6.39996500000011,439.9776572576758,0.14,10.97,10.183093070983887,87.83
resnet18,Pruning,2061.777832,2.877438,2.877438,2057.36817,2.883605,2.883605,0.0061670000000000336,4.409405000000024,346.78809176371044,0.14,9.62,9.323553085327148,67.69
resnet18,Distillation,1885.738281,2.631805,2.631805,1881.740575,2.637396,2.637396,0.005590999999999902,3.9975649999999296,379.1618419184014,0.14,10.98,10.13451862335205,99.3
mobilenet_v2,Base,2055.529785,2.86528,2.86528,2048.6751999999997,2.874867,2.874867,0.009587000000000234,6.854705000000168,347.8421987448846,0.14,2.84,3.390448570251465,67.41
mobilenet_v2,Pruning,1662.840576,2.318708,2.318708,1657.87622,2.325651,2.325651,0.0069430000000001435,4.964245000000103,429.9871017821494,0.14,2.58,3.3179101943969727,69.09
mobilenet_v2,Distillation,2126.890869,2.966574,2.966574,2121.10041,2.974673,2.974673,0.008099000000000078,5.7907850000000565,336.17145591309605,0.14,2.84,3.4067869186401367,79.44
efficientnet_b0,Base,20365.67627,28.477398,28.477398,20361.33957,28.483463,28.483463,0.006064999999999543,4.336474999999673,35.108090225967246,0.44,4.36,6.12664794921875,63.5
efficientnet_b0,Pruning,18731.490967,26.185059,26.185059,18722.317185,26.197889,26.197889,0.012830000000001007,9.17345000000072,38.17101378953995,0.42,3.75,5.6285200119018555,36.92
efficientnet_b0,Distillation,20365.388184,28.47738,28.47738,20361.3267,28.48306,28.48306,0.005679999999998131,4.061199999998664,35.10858686021695,0.44,4.36,6.1744585037231445,44.76
mnasnet1_0,Base,2206.828613,3.080671,3.080671,2202.6797650000003,3.086474,3.086474,0.0058029999999997806,4.149144999999843,323.9943490799754,0.14,3.94,4.155346870422363,82.94
mnasnet1_0,Pruning,2231.401611,3.104108,3.104108,2219.4372200000003,3.120841,3.120841,0.016732999999999887,11.964094999999919,320.42640664742265,0.14,3.66,3.8280601501464844,69.37
mnasnet1_0,Distillation,2236.069824,3.120727,3.120727,2231.319805,3.12737,3.12737,0.0066429999999999545,4.749744999999967,319.7574567331579,0.14,3.94,4.023832321166992,85.59
resnet18,Base,2072.784912,2.892314,2.892314,2068.0045099999998,2.899,2.899,0.006686000000000192,4.780490000000137,344.94654793203165,0.14,10.97,10.183093070983887,87.83
resnet18,Pruning,2096.724365,2.920824,2.920824,2088.38916,2.932482,2.932482,0.011657999999999724,8.335469999999802,341.0081038477368,0.14,9.62,9.323553085327148,67.69
resnet18,Distillation,2081.740234,2.903424,2.903424,2075.94816,2.911525,2.911525,0.008101000000000358,5.792215000000256,343.4626416506105,0.14,10.98,10.13451862335205,99.3
mobilenet_v2,Base,1599.449219,2.231033,2.231033,1595.188595,2.236992,2.236992,0.0059589999999998255,4.260684999999875,447.0288843849815,0.14,2.84,3.390448570251465,67.41
mobilenet_v2,Pruning,1847.83252,2.578122,2.578122,1843.35723,2.584381,2.584381,0.0062590000000000146,4.47518500000001,386.939829373714,0.14,2.58,3.3179101943969727,69.09
mobilenet_v2,Distillation,2375.530029,3.311586,3.311586,2367.78399,3.32242,3.32242,0.01083400000000001,7.746310000000007,300.9854606220177,0.14,2.84,3.4067869186401367,79.44
efficientnet_b0,Base,20365.566406,28.477752,28.477752,20361.592679999998,28.48331,28.48331,0.005558000000000618,3.973970000000442,35.10827961992504,0.44,4.36,6.12664794921875,63.5
efficientnet_b0,Pruning,18727.828857,26.185143,26.185143,18722.377245,26.192768,26.192768,0.007625000000000881,5.45187500000063,38.17847789295397,0.42,3.75,5.6285200119018555,36.92
efficientnet_b0,Distillation,20372.059326,28.477455,28.477455,20361.380325,28.492391,28.492391,0.01493600000000228,10.67924000000163,35.097090017182296,0.44,4.36,6.1744585037231445,44.76
mnasnet1_0,Base,1570.352051,2.190289,2.190289,1566.056635,2.196297,2.196297,0.006008000000000013,4.29572000000001,455.31191527701577,0.14,3.94,4.155346870422363,82.94
mnasnet1_0,Pruning,2274.91626,3.17539,3.17539,2270.40385,3.181701,3.181701,0.0063109999999997335,4.512364999999809,314.2972831887887,0.14,3.66,3.8280601501464844,69.37
mnasnet1_0,Distillation,2127.828125,2.964913,2.964913,2119.912795,2.975983,2.975983,0.011069999999999691,7.915049999999779,336.0233806478143,0.14,3.94,4.023832321166992,85.59
resnet18,Base,2230.157471,3.113152,3.113152,2225.90368,3.119101,3.119101,0.005949000000000204,4.253535000000146,320.6051632216782,0.14,10.97,10.183093070983887,87.83
resnet18,Pruning,1918.308838,2.676863,2.676863,1913.957045,2.682949,2.682949,0.006085999999999814,4.351489999999867,372.72413379768835,0.14,9.62,9.323553085327148,67.69
resnet18,Distillation,1993.800293,2.781837,2.781837,1989.013455,2.788532,2.788532,0.0066950000000001175,4.786925000000084,358.6116435584253,0.14,10.98,10.13451862335205,99.3
mobilenet_v2,Base,2186.102783,3.050513,3.050513,2181.116795,3.057486,3.057486,0.006972999999999896,4.985694999999925,327.066049025747,0.14,2.84,3.390448570251465,67.41
mobilenet_v2,Pruning,1957.947021,2.730529,2.730529,1952.3282350000002,2.738387,2.738387,0.007857999999999699,5.6184699999997845,365.1784202183477,0.14,2.58,3.3179101943969727,69.09
mobilenet_v2,Distillation,2245.74292,3.128132,3.128132,2236.61438,3.140899,3.140899,0.012767000000000195,9.12840500000014,318.3801643689474,0.14,2.84,3.4067869186401367,79.44
efficientnet_b0,Base,20365.861572,28.478122,28.478122,20361.857229999998,28.483722,28.483722,0.00560000000000116,4.004000000000829,35.10777078947731,0.44,4.36,6.12664794921875,63.5
efficientnet_b0,Pruning,18730.700928,26.185509,26.185509,18722.638935,26.196785,26.196785,0.011275999999998731,8.062339999999093,38.17262379813916,0.42,3.75,5.6285200119018555,36.92
efficientnet_b0,Distillation,20365.877197,28.477675,28.477675,20361.537625,28.483744,28.483744,0.006069000000000102,4.339335000000073,35.107743854280095,0.44,4.36,6.1744585037231445,44.76
mnasnet1_0,Base,1796.304199,2.506374,2.506374,1792.0574100000001,2.512314,2.512314,0.005939999999999834,4.2470999999998815,398.03948596125286,0.14,3.94,4.155346870422363,82.94
mnasnet1_0,Pruning,2203.430664,3.075341,3.075341,2198.868815,3.081721,3.081721,0.006380000000000052,4.561700000000037,324.4939864375056,0.14,3.66,3.8280601501464844,69.37
mnasnet1_0,Distillation,2295.504395,3.193972,3.193972,2283.68998,3.210496,3.210496,0.016523999999999983,11.814659999999988,311.4783842528866,0.14,3.94,4.023832321166992,85.59
resnet18,Base,2059.364258,2.871472,2.871472,2053.10248,2.88023,2.88023,0.008758000000000266,6.26197000000019,347.1945272539541,0.14,10.97,10.183093070983887,87.83
resnet18,Pruning,2141.165527,2.983629,2.983629,2133.294735,2.994637,2.994637,0.011007999999999907,7.870719999999933,333.9302781517274,0.14,9.62,9.323553085327148,67.69
resnet18,Distillation,2087.621338,2.908029,2.908029,2079.240735,2.91975,2.91975,0.011721000000000092,8.380515000000067,342.4950621959968,0.14,10.98,10.13451862335205,99.3
mobilenet_v2,Base,2094.717529,2.921879,2.921879,2089.143485,2.929675,2.929675,0.007795999999999914,5.574139999999939,341.33480533832875,0.14,2.84,3.390448570251465,67.41
mobilenet_v2,Pruning,2018.315918,2.816969,2.816969,2014.132835,2.822819,2.822819,0.005850000000000133,4.182750000000095,354.255740453413,0.14,2.58,3.3179101943969727,69.09
mobilenet_v2,Distillation,2155.756592,3.004416,3.004416,2148.15744,3.015044,3.015044,0.010628000000000082,7.599020000000058,331.67009793840396,0.14,2.84,3.4067869186401367,79.44
efficientnet_b0,Base,20365.616699,28.4775,28.4775,20361.4125,28.48338,28.48338,0.005880000000001218,4.204200000000871,35.10819291983965,0.44,4.36,6.12664794921875,63.5
efficientnet_b0,Pruning,18726.946045,26.185657,26.185657,18722.744755,26.191533,26.191533,0.0058760000000006585,4.201340000000471,38.180277674848185,0.42,3.75,5.6285200119018555,36.92
efficientnet_b0,Distillation,20366.158447,28.477466,28.477466,20361.38819,28.484138,28.484138,0.006672000000001788,4.770480000001278,35.10725902779774,0.44,4.36,6.1744585037231445,44.76
mnasnet1_0,Base,2168.248535,3.014792,3.014792,2155.5762799999998,3.032515,3.032515,0.017723000000000155,12.671945000000111,329.7592450581316,0.14,3.94,4.155346870422363,82.94
mnasnet1_0,Pruning,2077.09668,2.891707,2.891707,2067.5705049999997,2.90503,2.90503,0.013323000000000196,9.52594500000014,344.2304861803544,0.14,3.66,3.8280601501464844,69.37
mnasnet1_0,Distillation,1682.733154,2.347652,2.347652,1678.5711800000001,2.353473,2.353473,0.005821000000000076,4.162015000000054,424.9039714350336,0.14,3.94,4.023832321166992,85.59
resnet18,Base,2039.095215,2.844284,2.844284,2033.66306,2.851881,2.851881,0.007597000000000076,5.431855000000054,350.6457151879492,0.14,10.97,10.183093070983887,87.83
resnet18,Pruning,2063.969971,2.88068,2.88068,2059.6862,2.886671,2.886671,0.005991000000000302,4.283565000000216,346.41976872055955,0.14,9.62,9.323553085327148,67.69
resnet18,Distillation,1891.253662,2.639433,2.639433,1887.194595,2.64511,2.64511,0.005676999999999932,4.059054999999951,378.05610868924254,0.14,10.98,10.13451862335205,99.3
mobilenet_v2,Base,1899.06543,2.649185,2.649185,1894.167275,2.656036,2.656036,0.006850999999999718,4.898464999999799,376.50098238058075,0.14,2.84,3.390448570251465,67.41
mobilenet_v2,Pruning,2247.869385,3.135062,3.135062,2241.56933,3.143873,3.143873,0.008811000000000124,6.299865000000089,318.0789794866128,0.14,2.58,3.3179101943969727,69.09
mobilenet_v2,Distillation,2117.20752,2.953972,2.953972,2112.0899799999997,2.961129,2.961129,0.007157000000000302,5.117255000000216,337.70898376555925,0.14,2.84,3.4067869186401367,79.44
efficientnet_b0,Base,20365.675537,28.4772,28.4772,20361.198,28.483462,28.483462,0.006261999999999546,4.477329999999675,35.10809148957522,0.44,4.36,6.12664794921875,63.5
efficientnet_b0,Pruning,18727.268799,26.185287,26.185287,18722.480205,26.191984,26.191984,0.0066970000000026175,4.7883550000018715,38.179619659124,0.42,3.75,5.6285200119018555,36.92
efficientnet_b0,Distillation,20368.647217,28.48138,28.48138,20364.186700000002,28.487618,28.487618,0.006237999999999744,4.460169999999817,35.10296940109255,0.44,4.36,6.1744585037231445,44.76
mnasnet1_0,Base,2120.128174,2.958432,2.958432,2115.2788800000003,2.965214,2.965214,0.006781999999999844,4.849129999999889,337.24376137647613,0.14,3.94,4.155346870422363,82.94
mnasnet1_0,Pruning,2125.563965,2.964629,2.964629,2119.709735,2.972817,2.972817,0.008188000000000084,5.85442000000006,336.3813142174717,0.14,3.66,3.8280601501464844,69.37
mnasnet1_0,Distillation,2213.054932,3.07867,3.07867,2201.24905,3.095182,3.095182,0.016512000000000082,11.806080000000058,323.08280723688785,0.14,3.94,4.023832321166992,85.59
resnet18,Base,2051.800537,2.86198,2.86198,2046.3156999999999,2.869651,2.869651,0.007671000000000205,5.484765000000147,348.47441898295983,0.14,10.97,10.183093070983887,87.83
resnet18,Pruning,1988.076904,2.773508,2.773508,1983.0582200000001,2.780527,2.780527,0.0070190000000001085,5.018585000000078,359.6440351786311,0.14,9.62,9.323553085327148,67.69
resnet18,Distillation,2162.045654,3.01438,3.01438,2155.2817,3.02384,3.02384,0.009459999999999802,6.763899999999858,330.7053200644393,0.14,10.98,10.13451862335205,99.3
mobilenet_v2,Base,2136.342285,2.974256,2.974256,2126.59304,2.987891,2.987891,0.013634999999999842,9.749024999999886,334.6841959831357,0.14,2.84,3.390448570251465,67.41
mobilenet_v2,Pruning,2033.082031,2.833484,2.833484,2025.9410599999999,2.843471,2.843471,0.00998700000000019,7.1407050000001355,351.68280920190773,0.14,2.58,3.3179101943969727,69.09
mobilenet_v2,Distillation,2151.721924,2.998597,2.998597,2143.9968550000003,3.009401,3.009401,0.010803999999999814,7.724859999999866,332.2920085653224,0.14,2.84,3.4067869186401367,79.44
efficientnet_b0,Base,20366.20166,28.478155,28.478155,20361.880825,28.484198,28.484198,0.006042999999998244,4.320744999998745,35.107184537227056,0.44,4.36,6.12664794921875,63.5
efficientnet_b0,Pruning,18730.699951,26.18577,26.18577,18722.82555,26.196783,26.196783,0.011012999999998385,7.874294999998845,38.172625789236854,0.42,3.75,5.6285200119018555,36.92
efficientnet_b0,Distillation,20365.512939,28.477375,28.477375,20361.323125,28.483235,28.483235,0.005860000000001975,4.189900000001412,35.108371792137554,0.44,4.36,6.1744585037231445,44.76
mnasnet1_0,Base,1738.960693,2.42625,2.42625,1734.76875,2.432113,2.432113,0.005863000000000174,4.192045000000125,411.1651303437484,0.14,3.94,4.155346870422363,82.94
mnasnet1_0,Pruning,2210.579834,3.083829,3.083829,2204.937735,3.09172,3.09172,0.00789099999999987,5.642064999999907,323.444550159594,0.14,3.66,3.8280601501464844,69.37
mnasnet1_0,Distillation,2269.190674,3.163825,3.163825,2262.134875,3.173693,3.173693,0.009867999999999988,7.055619999999991,315.09031312015696,0.14,3.94,4.023832321166992,85.59
resnet18,Base,2104.858887,2.933104,2.933104,2097.1693600000003,2.943859,2.943859,0.010754999999999626,7.689824999999733,339.69023026482824,0.14,10.97,10.183093070983887,87.83
resnet18,Pruning,2113.950195,2.94965,2.94965,2108.99975,2.956574,2.956574,0.006923999999999708,4.950659999999791,338.2293498168248,0.14,9.62,9.323553085327148,67.69
resnet18,Distillation,2016.985352,2.814219,2.814219,2012.166585,2.820959,2.820959,0.00674000000000019,4.819100000000136,354.4894360740008,0.14,10.98,10.13451862335205,99.3
mobilenet_v2,Base,2117.615234,2.954569,2.954569,2112.516835,2.9617,2.9617,0.0071310000000002205,5.098665000000158,337.64396313367286,0.14,2.84,3.390448570251465,67.41
mobilenet_v2,Pruning,2240.150391,3.125556,3.125556,2234.77254,3.133077,3.133077,0.007521000000000111,5.377515000000079,319.17499953243095,0.14,2.58,3.3179101943969727,69.09
mobilenet_v2,Distillation,1735.864258,2.419961,2.419961,1730.2721149999998,2.427782,2.427782,0.0078210000000003,5.592015000000215,411.8985667829794,0.14,2.84,3.4067869186401367,79.44
efficientnet_b0,Base,20371.330322,28.477471,28.477471,20361.391765,28.491371,28.491371,0.01389999999999958,9.9384999999997,35.09834599401868,0.44,4.36,6.12664794921875,63.5
efficientnet_b0,Pruning,18729.394775,26.185302,26.185302,18722.49093,26.194958,26.194958,0.009655999999999665,6.90403999999976,38.17528588560599,0.42,3.75,5.6285200119018555,36.92
efficientnet_b0,Distillation,20372.622559,28.481979,28.481979,20364.614985,28.493178,28.493178,0.011199000000001291,8.007285000000923,35.096119703260044,0.44,4.36,6.1744585037231445,44.76
mnasnet1_0,Base,2090.390137,2.90866,2.90866,2079.6919,2.923623,2.923623,0.014963000000000282,10.698545000000202,342.0414148270544,0.14,3.94,4.155346870422363,82.94
mnasnet1_0,Pruning,2250.372559,3.132433,3.132433,2239.689595,3.147374,3.147374,0.014941000000000315,10.682815000000225,317.7251682795693,0.14,3.66,3.8280601501464844,69.37
mnasnet1_0,Distillation,1920.754639,2.679614,2.679614,1915.92401,2.68637,2.68637,0.006756000000000206,4.8305400000001475,372.24952395390255,0.14,3.94,4.023832321166992,85.59
resnet18,Base,2027.637207,2.823198,2.823198,2018.5865700000002,2.835856,2.835856,0.012658000000000058,9.050470000000042,352.62718475061007,0.14,10.97,10.183093070983887,87.83
resnet18,Pruning,1900.410889,2.649017,2.649017,1894.0471550000002,2.657917,2.657917,0.008899999999999686,6.3634999999997754,376.2344260068066,0.14,9.62,9.323553085327148,67.69
resnet18,Distillation,2025.923096,2.819074,2.819074,2015.6379100000001,2.833459,2.833459,0.01438499999999987,10.285274999999906,352.9255386898457,0.14,10.98,10.13451862335205,99.3
mobilenet_v2,Base,2121.184082,2.960495,2.960495,2116.753925,2.966691,2.966691,0.00619600000000009,4.430140000000065,337.0758842041885,0.14,2.84,3.390448570251465,67.41
mobilenet_v2,Pruning,1646.231934,2.296671,2.296671,1642.119765,2.302422,2.302422,0.005751000000000062,4.111965000000044,434.3251915073104,0.14,2.58,3.3179101943969727,69.09
mobilenet_v2,Distillation,2179.56665,3.03752,3.03752,2171.8268000000003,3.048345,3.048345,0.01082499999999964,7.739874999999743,328.0468619759804,0.14,2.84,3.4067869186401367,79.44
efficientnet_b0,Base,20366.561768,28.477533,28.477533,20361.436095,28.484702,28.484702,0.0071689999999975385,5.12583499999824,35.10656379533879,0.44,4.36,6.12664794921875,63.5
efficientnet_b0,Pruning,18733.641113,26.18472,26.18472,18722.0748,26.200897,26.200897,0.01617700000000255,11.566555000001824,38.166632727037445,0.42,3.75,5.6285200119018555,36.92
efficientnet_b0,Distillation,20366.010498,28.478029,28.478029,20361.790735,28.483931,28.483931,0.005901999999998964,4.219929999999259,35.107514064682185,0.44,4.36,6.1744585037231445,44.76
mnasnet1_0,Base,2328.31958,3.249238,3.249238,2323.20517,3.256391,3.256391,0.007152999999999743,5.114394999999816,307.0884281272075,0.14,3.94,4.155346870422363,82.94
mnasnet1_0,Pruning,2019.633545,2.818712,2.818712,2015.3790800000002,2.824662,2.824662,0.0059499999999999,4.254249999999928,354.0246208378362,0.14,3.66,3.8280601501464844,69.37
mnasnet1_0,Distillation,2172.939209,3.03073,3.03073,2166.97195,3.039076,3.039076,0.008345999999999965,5.967389999999975,329.047401344029,0.14,3.94,4.023832321166992,85.59
resnet18,Base,2157.212646,3.010085,3.010085,2152.210775,3.017081,3.017081,0.006996000000000002,5.002140000000002,331.44623054467297,0.14,10.97,10.183093070983887,87.83
resnet18,Pruning,2274.990723,3.174291,3.174291,2269.618065,3.181805,3.181805,0.007514000000000021,5.372510000000014,314.28699588591684,0.14,9.62,9.323553085327148,67.69
resnet18,Distillation,2045.276855,2.852447,2.852447,2039.4996050000002,2.860527,2.860527,0.008079999999999643,5.777199999999745,349.5859243955508,0.14,10.98,10.13451862335205,99.3
mobilenet_v2,Base,1763.2229,2.457817,2.457817,1757.339155,2.466046,2.466046,0.008229000000000042,5.88373500000003,405.50743754519067,0.14,2.84,3.390448570251465,67.41
mobilenet_v2,Pruning,1963.019531,2.737069,2.737069,1957.004335,2.745482,2.745482,0.008413000000000004,6.015295000000003,364.2347866176172,0.14,2.58,3.3179101943969727,69.09
mobilenet_v2,Distillation,2044.140625,2.852947,2.852947,2039.8571049999998,2.858938,2.858938,0.005991000000000302,4.283565000000216,349.7802407796675,0.14,2.84,3.4067869186401367,79.44
efficientnet_b0,Base,20369.284912,28.480969,28.480969,20363.892835000002,28.48851,28.48851,0.007540999999999798,5.3918149999998555,35.10187044311888,0.44,4.36,6.12664794921875,63.5
efficientnet_b0,Pruning,18727.024414,26.185509,26.185509,18722.638935,26.191643,26.191643,0.006133999999999418,4.385809999999584,38.18011789771996,0.42,3.75,5.6285200119018555,36.92
efficientnet_b0,Distillation,20365.591064,28.477585,28.477585,20361.473275,28.483344,28.483344,0.005758999999997627,4.117684999998303,35.10823711195383,0.44,4.36,6.1744585037231445,44.76
mnasnet1_0,Base,1590.570557,2.218268,2.218268,1586.0616200000002,2.224574,2.224574,0.006305999999999923,4.508789999999944,449.52422692179886,0.14,3.94,4.155346870422363,82.94
mnasnet1_0,Pruning,2132.282959,2.97023,2.97023,2123.71445,2.982214,2.982214,0.011983999999999995,8.568559999999996,335.3213498152803,0.14,3.66,3.8280601501464844,69.37
mnasnet1_0,Distillation,2052.248535,2.863962,2.863962,2047.73283,2.870278,2.870278,0.006315999999999988,4.515939999999992,348.3983483511172,0.14,3.94,4.023832321166992,85.59
resnet18,Base,2058.078857,2.872454,2.872454,2053.8046099999997,2.878432,2.878432,0.005978000000000261,4.274270000000186,347.4113722941764,0.14,10.97,10.183093070983887,87.83
resnet18,Pruning,1651.833496,2.300292,2.300292,1644.70878,2.310257,2.310257,0.009965000000000224,7.12497500000016,432.8523436117559,0.14,9.62,9.323553085327148,67.69
resnet18,Distillation,2080.25708,2.90343,2.90343,2075.95245,2.90945,2.90945,0.006019999999999914,4.304299999999939,343.70751907259466,0.14,10.98,10.13451862335205,99.3
mobilenet_v2,Base,2083.576172,2.907616,2.907616,2078.94544,2.914093,2.914093,0.006476999999999844,4.631054999999888,343.16000039186474,0.14,2.84,3.390448570251465,67.41
mobilenet_v2,Pruning,2050.738281,2.861661,2.861661,2046.087615,2.868165,2.868165,0.006504000000000065,4.650360000000047,348.65492424091536,0.14,2.58,3.3179101943969727,69.09
mobilenet_v2,Distillation,2064.84375,2.881938,2.881938,2060.58567,2.887893,2.887893,0.005955000000000155,4.2578250000001105,346.27317442300415,0.14,2.84,3.4067869186401367,79.44
efficientnet_b0,Base,20366.95459,28.479402,28.479402,20362.77243,28.485251,28.485251,0.005849000000001325,4.182035000000948,35.1058866872055,0.44,4.36,6.12664794921875,63.5
efficientnet_b0,Pruning,18730.199463,26.186162,26.186162,18723.10583,26.196083,26.196083,0.009921000000002067,7.093515000001478,38.17364579658774,0.42,3.75,5.6285200119018555,36.92
efficientnet_b0,Distillation,20367.020996,28.47854,28.47854,20362.1561,28.485344,28.485344,0.006804000000002475,4.864860000001769,35.105772225620186,0.44,4.36,6.1744585037231445,44.76
mnasnet1_0,Base,2151.485596,3.000629,3.000629,2145.449735,3.009071,3.009071,0.00844200000000006,6.036030000000043,332.32850888210174,0.14,3.94,4.155346870422363,82.94
mnasnet1_0,Pruning,2117.234375,2.945955,2.945955,2106.357825,2.961167,2.961167,0.015212000000000003,10.876580000000002,337.70470026493877,0.14,3.66,3.8280601501464844,69.37
mnasnet1_0,Distillation,2422.450928,3.381958,3.381958,2418.09997,3.388043,3.388043,0.006085000000000118,4.350775000000084,295.1556176992659,0.14,3.94,4.023832321166992,85.59
resnet18,Base,2053.251221,2.864304,2.864304,2047.97736,2.87168,2.87168,0.007375999999999827,5.273839999999876,348.2282112813121,0.14,10.97,10.183093070983887,87.83
resnet18,Pruning,1903.792969,2.656421,2.656421,1899.341015,2.662648,2.662648,0.0062269999999999825,4.4523049999999875,375.5660471713823,0.14,9.62,9.323553085327148,67.69
resnet18,Distillation,2041.914551,2.847967,2.847967,2036.296405,2.855825,2.855825,0.007857999999999699,5.6184699999997845,350.161567559151,0.14,10.98,10.13451862335205,99.3
mobilenet_v2,Base,2112.000488,2.946259,2.946259,2106.575185,2.953847,2.953847,0.00758800000000015,5.425420000000107,338.54158844304203,0.14,2.84,3.390448570251465,67.41
mobilenet_v2,Pruning,1760.923096,2.452541,2.452541,1753.5668150000001,2.46283,2.46283,0.01028899999999977,7.3566349999998355,406.0370391098556,0.14,2.58,3.3179101943969727,69.09
mobilenet_v2,Distillation,2162.597656,3.011016,3.011016,2152.87644,3.024612,3.024612,0.01359599999999972,9.7211399999998,330.6209076923183,0.14,2.84,3.4067869186401367,79.44
efficientnet_b0,Base,20369.850342,28.478091,28.478091,20361.835065,28.489301,28.489301,0.01121000000000194,8.015150000001388,35.100896079033156,0.44,4.36,6.12664794921875,63.5
efficientnet_b0,Pruning,18728.005371,26.185531,26.185531,18722.654665000002,26.193015,26.193015,0.007483999999998048,5.351059999998604,38.17811805560273,0.42,3.75,5.6285200119018555,36.92
efficientnet_b0,Distillation,20365.950928,28.478161,28.478161,20361.885115,28.483847,28.483847,0.005686000000000746,4.065490000000533,35.10761675346015,0.44,4.36,6.1744585037231445,44.76
mnasnet1_0,Base,2205.339844,3.078699,3.078699,2201.269785,3.084391,3.084391,0.005692000000000252,4.069780000000181,324.21306944835663,0.14,3.94,4.155346870422363,82.94
mnasnet1_0,Pruning,1796.35083,2.505531,2.505531,1791.454665,2.512379,2.512379,0.006848000000000187,4.896320000000134,398.02915335864543,0.14,3.66,3.8280601501464844,69.37
mnasnet1_0,Distillation,2032.669434,2.830812,2.830812,2024.0305799999999,2.842894,2.842894,0.012081999999999926,8.638629999999948,351.7541947747909,0.14,3.94,4.023832321166992,85.59
resnet18,Base,2015.467529,2.812939,2.812939,2011.251385,2.818836,2.818836,0.005897000000000041,4.216355000000029,354.7563975663534,0.14,10.97,10.183093070983887,87.83
resnet18,Pruning,2031.484131,2.835005,2.835005,2027.028575,2.841237,2.841237,0.006231999999999793,4.455879999999852,351.9594315748066,0.14,9.62,9.323553085327148,67.69
resnet18,Distillation,1967.154785,2.736286,2.736286,1956.44449,2.751265,2.751265,0.014978999999999854,10.709984999999895,363.46911054078544,0.14,10.98,10.13451862335205,99.3
mobilenet_v2,Base,1813.366211,2.5303,2.5303,1809.1645,2.536177,2.536177,0.00587699999999991,4.202054999999936,394.29432161179716,0.14,2.84,3.390448570251465,67.41
mobilenet_v2,Pruning,1722.56958,2.402288,2.402288,1717.63592,2.409188,2.409188,0.006899999999999906,4.933499999999933,415.07757265747136,0.14,2.58,3.3179101943969727,69.09
mobilenet_v2,Distillation,1785.161377,2.486256,2.486256,1777.6730400000001,2.496729,2.496729,0.010473000000000177,7.488195000000126,400.5240138018066,0.14,2.84,3.4067869186401367,79.44
efficientnet_b0,Base,20366.148926,28.478322,28.478322,20362.000229999998,28.484124,28.484124,0.005802000000002749,4.148430000001966,35.10727544014032,0.44,4.36,6.12664794921875,63.5
efficientnet_b0,Pruning,18730.763184,26.18604,26.18604,18723.0186,26.196872,26.196872,0.010832000000000619,7.7448800000004425,38.172496922643276,0.42,3.75,5.6285200119018555,36.92
efficientnet_b0,Distillation,20366.276123,28.477572,28.477572,20361.46398,28.484302,28.484302,0.006730000000001013,4.811950000000724,35.1070561786471,0.44,4.36,6.1744585037231445,44.76
mnasnet1_0,Base,2176.199219,3.037827,3.037827,2172.046305,3.043635,3.043635,0.005808000000000035,4.152720000000025,328.55447872486343,0.14,3.94,4.155346870422363,82.94
mnasnet1_0,Pruning,2419.0625,3.371794,3.371794,2410.83271,3.383304,3.383304,0.01150999999999991,8.229649999999936,295.5690479266245,0.14,3.66,3.8280601501464844,69.37
mnasnet1_0,Distillation,2289.081787,3.19493,3.19493,2284.37495,3.201513,3.201513,0.0065830000000000055,4.706845000000004,312.3523170122536,0.14,3.94,4.023832321166992,85.59
resnet18,Base,1678.809082,2.341955,2.341955,1674.497825,2.347985,2.347985,0.00602999999999998,4.311449999999986,425.8971479640828,0.14,10.97,10.183093070983887,87.83
resnet18,Pruning,2025.341309,2.825681,2.825681,2020.361915,2.832645,2.832645,0.00696399999999997,4.979259999999979,353.0269178941632,0.14,9.62,9.323553085327148,67.69
resnet18,Distillation,1967.850342,2.746161,2.746161,1963.505115,2.752238,2.752238,0.006077000000000332,4.3450550000002375,363.3406386348053,0.14,10.98,10.13451862335205,99.3
mobilenet_v2,Base,2232.213623,3.114236,3.114236,2226.67874,3.121977,3.121977,0.007740999999999776,5.53481499999984,320.3098451836659,0.14,2.84,3.390448570251465,67.41
mobilenet_v2,Pruning,2169.923828,3.028128,3.028128,2165.11152,3.034859,3.034859,0.0067309999999998205,4.812664999999871,329.50465393018396,0.14,2.58,3.3179101943969727,69.09
mobilenet_v2,Distillation,2293.343018,3.201694,3.201694,2289.21121,3.207473,3.207473,0.005778999999999979,4.131984999999984,311.77193921193,0.14,2.84,3.4067869186401367,79.44
efficientnet_b0,Base,20366.291016,28.478645,28.478645,20362.231175,28.484323,28.484323,0.005677999999999628,4.059769999999734,35.10703050635423,0.44,4.36,6.12664794921875,63.5
efficientnet_b0,Pruning,18732.119141,26.185916,26.185916,18722.929939999998,26.198768,26.198768,0.012852000000002306,9.189180000001649,38.16973374011064,0.42,3.75,5.6285200119018555,36.92
efficientnet_b0,Distillation,20370.990967,28.484229,28.484229,20366.223735,28.490896,28.490896,0.0066670000000002005,4.766905000000143,35.098930688166554,0.44,4.36,6.1744585037231445,44.76
mnasnet1_0,Base,2184.574463,3.040529,3.040529,2173.978235,3.055349,3.055349,0.014820000000000277,10.596300000000198,327.2948631918527,0.14,3.94,4.155346870422363,82.94
mnasnet1_0,Pruning,2099.500732,2.930528,2.930528,2095.32752,2.936365,2.936365,0.005837000000000092,4.173455000000066,340.55715680503033,0.14,3.66,3.8280601501464844,69.37
mnasnet1_0,Distillation,2313.995117,3.229029,3.229029,2308.755735,3.236357,3.236357,0.007327999999999779,5.2395199999998425,308.9894160740357,0.14,3.94,4.023832321166992,85.59
resnet18,Base,1594.256348,2.221918,2.221918,1588.67137,2.229729,2.229729,0.00781099999999979,5.58486499999985,448.48496347338994,0.14,10.97,10.183093070983887,87.83
resnet18,Pruning,2164.177246,3.013666,3.013666,2154.77119,3.026821,3.026821,0.013154999999999806,9.405824999999862,330.37959405659507,0.14,9.62,9.323553085327148,67.69
resnet18,Distillation,2035.939453,2.839051,2.839051,2029.921465,2.847468,2.847468,0.008417000000000119,6.018155000000085,351.1892256650522,0.14,10.98,10.13451862335205,99.3
mobilenet_v2,Base,1819.186768,2.532639,2.532639,1810.8368850000002,2.544317,2.544317,0.011677999999999855,8.349769999999896,393.03276198851506,0.14,2.84,3.390448570251465,67.41
mobilenet_v2,Pruning,2161.377441,3.017025,3.017025,2157.1728749999997,3.022906,3.022906,0.005881000000000025,4.2049150000000175,330.80756115840296,0.14,2.58,3.3179101943969727,69.09
mobilenet_v2,Distillation,1832.127441,2.556316,2.556316,1827.7659399999998,2.562416,2.562416,0.006099999999999994,4.361499999999996,390.2566950308562,0.14,2.84,3.4067869186401367,79.44
efficientnet_b0,Base,20369.142578,28.477339,28.477339,20361.297385,28.488311,28.488311,0.010971999999998872,7.844979999999193,35.102115725393695,0.44,4.36,6.12664794921875,63.5
efficientnet_b0,Pruning,18730.905518,26.185304,26.185304,18722.49236,26.197071,26.197071,0.011767000000002525,8.413405000001806,38.17220685422284,0.42,3.75,5.6285200119018555,36.92
efficientnet_b0,Distillation,20367.779053,28.477302,28.477302,20361.270930000002,28.486404,28.486404,0.009101999999998611,6.507929999999007,35.10446564347853,0.44,4.36,6.1744585037231445,44.76
mnasnet1_0,Base,2264.135254,3.158905,3.158905,2258.617075,3.166623,3.166623,0.007718000000000114,5.518370000000081,315.79385495492136,0.14,3.94,4.155346870422363,82.94
mnasnet1_0,Pruning,2064.424561,2.878,2.878,2057.77,2.887307,2.887307,0.009306999999999732,6.6545049999998085,346.3434864646527,0.14,3.66,3.8280601501464844,69.37
mnasnet1_0,Distillation,2281.385254,3.18268,3.18268,2275.6162,3.190749,3.190749,0.008068999999999882,5.7693349999999155,313.4060758683242,0.14,3.94,4.023832321166992,85.59
resnet18,Base,1933.462402,2.68342,2.68342,1918.6453,2.704143,2.704143,0.02072300000000027,14.816945000000192,369.80289829292474,0.14,10.97,10.183093070983887,87.83
resnet18,Pruning,2214.61377,3.091232,3.091232,2210.23088,3.097362,3.097362,0.006129999999999747,4.382949999999819,322.85539342600583,0.14,9.62,9.323553085327148,67.69
resnet18,Distillation,1786.791748,2.486883,2.486883,1778.121345,2.499009,2.499009,0.012125999999999859,8.670089999999899,400.1585527806008,0.14,10.98,10.13451862335205,99.3
mobilenet_v2,Base,2252.80542,3.139787,3.139787,2244.947705,3.150777,3.150777,0.010990000000000055,7.85785000000004,317.3820489121515,0.14,2.84,3.390448570251465,67.41
mobilenet_v2,Pruning,2163.835693,3.014243,3.014243,2155.183745,3.026344,3.026344,0.012100999999999917,8.652214999999941,330.4317431831919,0.14,2.58,3.3179101943969727,69.09
mobilenet_v2,Distillation,2074.922363,2.895838,2.895838,2070.52417,2.901989,2.901989,0.0061510000000000176,4.397965000000013,344.59120627830447,0.14,2.84,3.4067869186401367,79.44
efficientnet_b0,Base,20366.10498,28.478167,28.478167,20361.889404999998,28.484063,28.484063,0.005895999999999901,4.215639999999929,35.10735119465146,0.44,4.36,6.12664794921875,63.5
efficientnet_b0,Pruning,18726.766357,26.184838,26.184838,18722.15917,26.191282,26.191282,0.006444000000001893,4.607460000001353,38.18064402414758,0.42,3.75,5.6285200119018555,36.92
efficientnet_b0,Distillation,20365.510498,28.477437,28.477437,20361.367455,28.483231,28.483231,0.005794000000001631,4.142710000001166,35.10837600020961,0.44,4.36,6.1744585037231445,44.76
mnasnet1_0,Base,1803.480713,2.512565,2.512565,1796.4839749999999,2.522351,2.522351,0.009786000000000072,6.996990000000052,396.455584385282,0.14,3.94,4.155346870422363,82.94
mnasnet1_0,Pruning,1992.376709,2.779575,2.779575,1987.396125,2.786541,2.786541,0.00696600000000025,4.980690000000179,358.8678771289531,0.14,3.66,3.8280601501464844,69.37
mnasnet1_0,Distillation,2141.038086,2.986662,2.986662,2135.46333,2.994459,2.994459,0.007797000000000054,5.5748550000000385,333.9501546821153,0.14,3.94,4.023832321166992,85.59
resnet18,Base,2009.870605,2.804035,2.804035,2004.8850249999998,2.811008,2.811008,0.00697300000000034,4.985695000000243,355.7442942950051,0.14,10.97,10.183093070983887,87.83
resnet18,Pruning,2082.654297,2.905377,2.905377,2077.344555,2.912803,2.912803,0.007425999999999711,5.309589999999793,343.31189820122125,0.14,9.62,9.323553085327148,67.69
resnet18,Distillation,2161.119385,3.013122,3.013122,2154.38223,3.022545,3.022545,0.00942299999999996,6.737444999999971,330.847062389383,0.14,10.98,10.13451862335205,99.3
mobilenet_v2,Base,2208.647217,3.079821,3.079821,2202.0720149999997,3.089017,3.089017,0.009196000000000204,6.575140000000146,323.7275715635486,0.14,2.84,3.390448570251465,67.41
mobilenet_v2,Pruning,2094.797852,2.923095,2.923095,2090.012925,2.929787,2.929787,0.006692000000000142,4.784780000000102,341.32171718495727,0.14,2.58,3.3179101943969727,69.09
mobilenet_v2,Distillation,2109.909424,2.944946,2.944946,2105.6363899999997,2.950922,2.950922,0.005975999999999981,4.272839999999986,338.8771062240632,0.14,2.84,3.4067869186401367,79.44
efficientnet_b0,Base,20368.413818,28.477473,28.477473,20361.393195,28.487292,28.487292,0.009819000000000244,7.020585000000175,35.103371641445115,0.44,4.36,6.12664794921875,63.5
efficientnet_b0,Pruning,18727.067139,26.186045,26.186045,18723.022175,26.191702,26.191702,0.005656999999999357,4.04475499999954,38.18003079141949,0.42,3.75,5.6285200119018555,36.92
efficientnet_b0,Distillation,20370.232178,28.483943,28.483943,20366.019245,28.489835,28.489835,0.005891999999999342,4.21277999999953,35.10023811963249,0.44,4.36,6.1744585037231445,44.76
mnasnet1_0,Base,2236.47168,3.121243,3.121243,2231.688745,3.127932,3.127932,0.006688999999999723,4.782634999999802,319.7000017456067,0.14,3.94,4.155346870422363,82.94
mnasnet1_0,Pruning,2102.684326,2.930683,2.930683,2095.438345,2.940817,2.940817,0.010133999999999865,7.245809999999904,340.0415322256984,0.14,3.66,3.8280601501464844,69.37
mnasnet1_0,Distillation,2076.440186,2.892426,2.892426,2068.08459,2.904112,2.904112,0.011686000000000085,8.35549000000006,344.3393191967438,0.14,3.94,4.023832321166992,85.59
resnet18,Base,2056.691895,2.868887,2.868887,2051.254205,2.876492,2.876492,0.007604999999999862,5.437574999999901,347.64565452814213,0.14,10.97,10.183093070983887,87.83
resnet18,Pruning,1935.906738,2.696783,2.696783,1928.1998449999999,2.707562,2.707562,0.010778999999999872,7.706984999999909,369.33597366300404,0.14,9.62,9.323553085327148,67.69
resnet18,Distillation,2132.303223,2.966277,2.966277,2120.888055,2.982242,2.982242,0.015965000000000007,11.414975000000005,335.3181631428787,0.14,10.98,10.13451862335205,99.3
mobilenet_v2,Base,2181.335693,3.03507,3.03507,2170.07505,3.050819,3.050819,0.015749000000000013,11.26053500000001,327.78081901582857,0.14,2.84,3.390448570251465,67.41
mobilenet_v2,Pruning,2175.780762,3.037178,3.037178,2171.58227,3.04305,3.04305,0.005872000000000099,4.198480000000071,328.6176679596913,0.14,2.58,3.3179101943969727,69.09
mobilenet_v2,Distillation,2107.635986,2.941715,2.941715,2103.326225,2.947743,2.947743,0.006028000000000144,4.310020000000103,339.2426418743071,0.14,2.84,3.4067869186401367,79.44
efficientnet_b0,Base,20371.740234,28.485108,28.485108,20366.85222,28.491944,28.491944,0.006835999999999842,4.887739999999887,35.09763975915421,0.44,4.36,6.12664794921875,63.5
efficientnet_b0,Pruning,18732.027588,26.192027,26.192027,18727.299305,26.19864,26.19864,0.006613000000001534,4.728295000001097,38.16992029512272,0.42,3.75,5.6285200119018555,36.92
efficientnet_b0,Distillation,20367.184814,28.47848,28.47848,20362.1132,28.485573,28.485573,0.0070929999999975735,5.071494999998265,35.10548986173696,0.44,4.36,6.1744585037231445,44.76
mnasnet1_0,Base,2406.11377,3.359165,3.359165,2401.802975,3.365194,3.365194,0.00602899999999984,4.310734999999886,297.159680857485,0.14,3.94,4.155346870422363,82.94
mnasnet1_0,Pruning,1895.813965,2.645511,2.645511,1891.540365,2.651488,2.651488,0.005977000000000121,4.273555000000087,377.14671017311554,0.14,3.66,3.8280601501464844,69.37
mnasnet1_0,Distillation,1964.160156,2.738472,2.738472,1958.0074799999998,2.747077,2.747077,0.008605000000000196,6.15257500000014,364.02326857912294,0.14,3.94,4.023832321166992,85.59
resnet18,Base,2059.269287,2.864188,2.864188,2047.89442,2.880097,2.880097,0.015909000000000173,11.374935000000123,347.2105394441305,0.14,10.97,10.183093070983887,87.83
resnet18,Pruning,1987.20752,2.768748,2.768748,1979.65482,2.779311,2.779311,0.010562999999999878,7.552544999999913,359.8013759529251,0.14,9.62,9.323553085327148,67.69
resnet18,Distillation,2167.576172,3.018504,3.018504,2158.23036,3.031575,3.031575,0.013071000000000055,9.34576500000004,329.8615334658698,0.14,10.98,10.13451862335205,99.3
mobilenet_v2,Base,2070.36084,2.887321,2.887321,2064.434515,2.89561,2.89561,0.00828899999999999,5.926634999999994,345.350426933307,0.14,2.84,3.390448570251465,67.41
mobilenet_v2,Pruning,2141.039307,2.978204,2.978204,2129.41586,2.994461,2.994461,0.016256999999999966,11.623754999999976,333.949964235757,0.14,2.58,3.3179101943969727,69.09
mobilenet_v2,Distillation,1981.189941,2.759283,2.759283,1972.8873449999999,2.770895,2.770895,0.011611999999999956,8.302579999999969,360.89422079293706,0.14,2.84,3.4067869186401367,79.44
efficientnet_b0,Base,20366.991455,28.478648,28.478648,20362.23332,28.485303,28.485303,0.006654999999998523,4.758324999998944,35.10582314426566,0.44,4.36,6.12664794921875,63.5
efficientnet_b0,Pruning,18728.649414,26.187056,26.187056,18723.745039999998,26.193915,26.193915,0.006859000000002169,4.904185000001551,38.17680518198631,0.42,3.75,5.6285200119018555,36.92
efficientnet_b0,Distillation,20371.119873,28.485338,28.485338,20367.01667,28.491077,28.491077,0.005739000000001937,4.103385000001385,35.098708586348515,0.44,4.36,6.1744585037231445,44.76
mnasnet1_0,Base,2053.901611,2.866003,2.866003,2049.192145,2.87259,2.87259,0.0065870000000001205,4.709705000000087,348.11794107892155,0.14,3.94,4.155346870422363,82.94
mnasnet1_0,Pruning,2187.38208,3.052632,3.052632,2182.63188,3.059276,3.059276,0.006644000000000094,4.750460000000068,326.8747634615348,0.14,3.66,3.8280601501464844,69.37
mnasnet1_0,Distillation,1916.488281,2.673756,2.673756,1911.7355400000001,2.680403,2.680403,0.0066470000000000695,4.75260500000005,373.0782009410054,0.14,3.94,4.023832321166992,85.59
resnet18,Base,2039.967773,2.839787,2.839787,2030.4477049999998,2.853102,2.853102,0.013314999999999966,9.520224999999975,350.4957330519554,0.14,10.97,10.183093070983887,87.83
resnet18,Pruning,1974.191406,2.754362,2.754362,1969.36883,2.761107,2.761107,0.006745000000000001,4.822675,362.1735956437448,0.14,9.62,9.323553085327148,67.69
resnet18,Distillation,1765.613525,2.462516,2.462516,1760.69894,2.46939,2.46939,0.006874000000000269,4.914910000000193,404.9583840835157,0.14,10.98,10.13451862335205,99.3
mobilenet_v2,Base,2320.302002,3.238331,3.238331,2315.406665,3.245178,3.245178,0.0068470000000000475,4.8956050000000335,308.1495423370324,0.14,2.84,3.390448570251465,67.41
mobilenet_v2,Pruning,1874.189453,2.61532,2.61532,1869.9538,2.621244,2.621244,0.005923999999999818,4.23565999999987,381.49825187389956,0.14,2.58,3.3179101943969727,69.09
mobilenet_v2,Distillation,1681.812012,2.344029,2.344029,1675.9807349999999,2.352185,2.352185,0.008156000000000052,5.831540000000038,425.13669476633515,0.14,2.84,3.4067869186401367,79.44
efficientnet_b0,Base,20371.69458,28.485437,28.485437,20367.087455,28.491881,28.491881,0.00644399999999834,4.607459999998813,35.09771841474368,0.44,4.36,6.12664794921875,63.5
efficientnet_b0,Pruning,18727.193848,26.186133,26.186133,18723.085095000002,26.19188,26.19188,0.0057469999999995025,4.109104999999644,38.17977246368706,0.42,3.75,5.6285200119018555,36.92
efficientnet_b0,Distillation,20366.185791,28.477478,28.477478,20361.39677,28.484176,28.484176,0.006698000000000093,4.789070000000066,35.107211892173,0.44,4.36,6.1744585037231445,44.76
mnasnet1_0,Base,1544.067627,2.153339,2.153339,1539.637385,2.159535,2.159535,0.00619600000000009,4.430140000000065,463.06261947165353,0.14,3.94,4.155346870422363,82.94
mnasnet1_0,Pruning,1779.693604,2.479213,2.479213,1772.637295,2.489082,2.489082,0.009868999999999684,7.056334999999773,401.7545483070691,0.14,3.66,3.8280601501464844,69.37
mnasnet1_0,Distillation,2096.075928,2.924679,2.924679,2091.145485,2.931575,2.931575,0.006896000000000235,4.930640000000168,341.11359729331326,0.14,3.94,4.023832321166992,85.59
resnet18,Base,1624.63623,2.259941,2.259941,1615.857815,2.272219,2.272219,0.012278000000000233,8.778770000000167,440.09851977756273,0.14,10.97,10.183093070983887,87.83
resnet18,Pruning,2131.608643,2.973583,2.973583,2126.111845,2.981271,2.981271,0.007687999999999917,5.496919999999941,335.427425830718,0.14,9.62,9.323553085327148,67.69
resnet18,Distillation,1686.51001,2.352738,2.352738,1682.20767,2.358755,2.358755,0.006016999999999939,4.302154999999956,423.95241994442716,0.14,10.98,10.13451862335205,99.3
mobilenet_v2,Base,1885.62085,2.627518,2.627518,1878.67537,2.637232,2.637232,0.009714000000000222,6.945510000000159,379.18545501870113,0.14,2.84,3.390448570251465,67.41
mobilenet_v2,Pruning,2221.151855,3.100375,3.100375,2216.768125,3.106506,3.106506,0.0061309999999998865,4.383664999999919,321.90505047661406,0.14,2.58,3.3179101943969727,69.09
mobilenet_v2,Distillation,1988.895996,2.770343,2.770343,1980.795245,2.781673,2.781673,0.011330000000000062,8.100950000000044,359.49592207837094,0.14,2.84,3.4067869186401367,79.44
efficientnet_b0,Base,20366.613037,28.477535,28.477535,20361.437525,28.484773,28.484773,0.007238000000000966,5.175170000000691,35.106475421370284,0.44,4.36,6.12664794921875,63.5
efficientnet_b0,Pruning,18727.955078,26.18539,26.18539,18722.55385,26.192944,26.192944,0.0075539999999989504,5.40110999999925,38.178220581056436,0.42,3.75,5.6285200119018555,36.92
efficientnet_b0,Distillation,20367.208496,28.478671,28.478671,20362.249765,28.485606,28.485606,0.006935000000002134,4.958525000001526,35.10544904277981,0.44,4.36,6.1744585037231445,44.76
mnasnet1_0,Base,2186.079102,3.051436,3.051436,2181.77674,3.057453,3.057453,0.006017000000000383,4.302155000000274,327.0695920133269,0.14,3.94,4.155346870422363,82.94
mnasnet1_0,Pruning,2064.902588,2.880175,2.880175,2059.325125,2.887976,2.887976,0.007801000000000169,5.57771500000012,346.26330760354494,0.14,3.66,3.8280601501464844,69.37
mnasnet1_0,Distillation,2073.790527,2.886352,2.886352,2063.74168,2.900406,2.900406,0.014053999999999789,10.048609999999849,344.7792776999217,0.14,3.94,4.023832321166992,85.59
resnet18,Base,2090.986816,2.917739,2.917739,2086.1833850000003,2.924457,2.924457,0.00671799999999978,4.803369999999843,341.9438107064564,0.14,10.97,10.183093070983887,87.83
resnet18,Pruning,2091.274902,2.912597,2.912597,2082.506855,2.92486,2.92486,0.012262999999999913,8.768044999999937,341.89670584015835,0.14,9.62,9.323553085327148,67.69
resnet18,Distillation,2093.196777,2.920732,2.920732,2088.3233800000003,2.927548,2.927548,0.006815999999999711,4.8734399999997935,341.5827923377315,0.14,10.98,10.13451862335205,99.3
mobilenet_v2,Base,1680.873291,2.345039,2.345039,1676.702885,2.350872,2.350872,0.005832999999999977,4.170594999999984,425.37412179036164,0.14,2.84,3.390448570251465,67.41
mobilenet_v2,Pruning,2181.431641,3.041407,3.041407,2174.606005,3.050953,3.050953,0.009545999999999832,6.82538999999988,327.7664019177028,0.14,2.58,3.3179101943969727,69.09
mobilenet_v2,Distillation,1976.737061,2.75879,2.75879,1972.53485,2.764667,2.764667,0.005877000000000354,4.202055000000254,361.7071861030889,0.14,2.84,3.4067869186401367,79.44
efficientnet_b0,Base,20366.064453,28.4782,28.4782,20361.913,28.484006,28.484006,0.005805999999999756,4.151289999999825,35.10742105574932,0.44,4.36,6.12664794921875,63.5
efficientnet_b0,Pruning,18734.942139,26.190098,26.190098,18725.92007,26.202716,26.202716,0.012617999999999796,9.021869999999854,38.16398229016169,0.42,3.75,5.6285200119018555,36.92
efficientnet_b0,Distillation,20367.487305,28.477924,28.477924,20361.71566,28.485996,28.485996,0.008071999999998525,5.771479999998945,35.104968486931384,0.44,4.36,6.1744585037231445,44.76
mnasnet1_0,Base,2112.700439,2.944887,2.944887,2105.594205,2.954826,2.954826,0.009939000000000142,7.106385000000102,338.4294274764431,0.14,3.94,4.155346870422363,82.94
mnasnet1_0,Pruning,1719.208008,2.397461,2.397461,1714.184615,2.404487,2.404487,0.007026000000000199,5.0235900000001426,415.88917494153503,0.14,3.66,3.8280601501464844,69.37
mnasnet1_0,Distillation,1850.617188,2.58204,2.58204,1846.1586,2.588276,2.588276,0.006235999999999908,4.458739999999935,386.35759174630556,0.14,3.94,4.023832321166992,85.59
resnet18,Base,2156.290039,3.007257,3.007257,2150.188755,3.01579,3.01579,0.008532999999999902,6.10109499999993,331.5880457026032,0.14,10.97,10.183093070983887,87.83
resnet18,Pruning,1879.584717,2.622013,2.622013,1874.7392949999999,2.62879,2.62879,0.006777000000000033,4.845555000000024,380.4031781771505,0.14,9.62,9.323553085327148,67.69
resnet18,Distillation,1727.593018,2.410435,2.410435,1723.461025,2.416214,2.416214,0.005778999999999979,4.131984999999984,413.8706237813702,0.14,10.98,10.13451862335205,99.3
mobilenet_v2,Base,2121.242188,2.958267,2.958267,2115.160905,2.966772,2.966772,0.008504999999999985,6.08107499999999,337.0666508731534,0.14,2.84,3.390448570251465,67.41
mobilenet_v2,Pruning,1969.057129,2.747194,2.747194,1964.24371,2.753926,2.753926,0.00673199999999996,4.813379999999972,363.1179560356981,0.14,2.58,3.3179101943969727,69.09
mobilenet_v2,Distillation,1686.136719,2.352137,2.352137,1681.777955,2.358233,2.358233,0.006095999999999879,4.358639999999914,424.0462780645962,0.14,2.84,3.4067869186401367,79.44
efficientnet_b0,Base,20371.738525,28.48512,28.48512,20366.8608,28.491942,28.491942,0.006822000000003214,4.877730000002298,35.097642703520805,0.44,4.36,6.12664794921875,63.5
efficientnet_b0,Pruning,18733.624268,26.186789,26.186789,18723.554135000002,26.200873,26.200873,0.01408400000000043,10.070060000000307,38.16666704591345,0.42,3.75,5.6285200119018555,36.92
efficientnet_b0,Distillation,20366.306396,28.477309,28.477309,20361.275935,28.484345,28.484345,0.007035999999999376,5.030739999999554,35.10700399461868,0.44,4.36,6.1744585037231445,44.76
mnasnet1_0,Base,1854.735107,2.582276,2.582276,1846.3273399999998,2.594035,2.594035,0.011759000000000075,8.407685000000054,385.49979309794776,0.14,3.94,4.155346870422363,82.94
mnasnet1_0,Pruning,2185.50708,3.043691,3.043691,2176.2390649999998,3.056653,3.056653,0.012961999999999918,9.267829999999941,327.15519731924184,0.14,3.66,3.8280601501464844,69.37
mnasnet1_0,Distillation,2102.519287,2.924903,2.924903,2091.305645,2.940586,2.940586,0.015683000000000114,11.213345000000082,340.06822406856713,0.14,3.94,4.023832321166992,85.59
resnet18,Base,2161.283936,3.013928,3.013928,2154.95852,3.022775,3.022775,0.008847000000000271,6.325605000000194,330.8218730960854,0.14,10.97,10.183093070983887,87.83
resnet18,Pruning,1951.949707,2.713206,2.713206,1939.94229,2.73,2.73,0.016793999999999976,12.007709999999982,366.30042128436867,0.14,9.62,9.323553085327148,67.69
resnet18,Distillation,2343.047119,3.271118,3.271118,2338.84937,3.276989,3.276989,0.00587099999999996,4.197764999999971,305.1581823523712,0.14,10.98,10.13451862335205,99.3
mobilenet_v2,Base,2079.620117,2.898558,2.898558,2072.46897,2.90856,2.90856,0.010002000000000066,7.1514300000000475,343.81279261302706,0.14,2.84,3.390448570251465,67.41
mobilenet_v2,Pruning,1956.938232,2.730722,2.730722,1952.46623,2.736977,2.736977,0.0062549999999998995,4.472324999999929,365.3666673317873,0.14,2.58,3.3179101943969727,69.09
mobilenet_v2,Distillation,2158.226074,3.003032,3.003032,2147.16788,3.018498,3.018498,0.01546599999999998,11.058189999999986,331.2905949073433,0.14,2.84,3.4067869186401367,79.44
efficientnet_b0,Base,20369.950928,28.477752,28.477752,20361.592679999998,28.489442,28.489442,0.011690000000001532,8.358350000001096,35.10072275221733,0.44,4.36,6.12664794921875,63.5
efficientnet_b0,Pruning,18727.42749,26.186174,26.186174,18723.114410000002,26.192206,26.192206,0.006031999999997595,4.31287999999828,38.17929613567016,0.42,3.75,5.6285200119018555,36.92
efficientnet_b0,Distillation,20366.252441,28.478033,28.478033,20361.793595,28.484269,28.484269,0.0062360000000012406,4.458740000000887,35.10709700134174,0.44,4.36,6.1744585037231445,44.76
mnasnet1_0,Base,1841.102295,2.562698,2.562698,1832.32907,2.574968,2.574968,0.012270000000000003,8.773050000000001,388.35430380037633,0.14,3.94,4.155346870422363,82.94
mnasnet1_0,Pruning,2124.802734,2.965061,2.965061,2120.018615,2.971752,2.971752,0.0066910000000000025,4.784065000000002,336.50182605610297,0.14,3.66,3.8280601501464844,69.37
mnasnet1_0,Distillation,2236.092285,3.121398,3.121398,2231.79957,3.127402,3.127402,0.006003999999999898,4.292859999999927,319.7542448477255,0.14,3.94,4.023832321166992,85.59
resnet18,Base,1540.195557,2.144811,2.144811,1533.539865,2.15412,2.15412,0.009309000000000012,6.655935000000008,464.22676441988983,0.14,10.97,10.183093070983887,87.83
resnet18,Pruning,1947.755127,2.718011,2.718011,1943.3778650000002,2.724133,2.724133,0.006121999999999961,4.377229999999972,367.0892660420141,0.14,9.62,9.323553085327148,67.69
resnet18,Distillation,1838.249512,2.56524,2.56524,1834.1466,2.570978,2.570978,0.005738000000000021,4.102670000000015,388.95699160125764,0.14,10.98,10.13451862335205,99.3
mobilenet_v2,Base,2006.01123,2.798985,2.798985,2001.274275,2.80561,2.80561,0.006625000000000103,4.736875000000074,356.42871251523354,0.14,2.84,3.390448570251465,67.41
mobilenet_v2,Pruning,2157.62793,3.008568,3.008568,2151.12612,3.017661,3.017661,0.009093000000000018,6.501495000000013,331.382436266479,0.14,2.58,3.3179101943969727,69.09
mobilenet_v2,Distillation,2288.55957,3.195022,3.195022,2284.44073,3.200783,3.200783,0.005761000000000127,4.119115000000091,312.4235914033909,0.14,2.84,3.4067869186401367,79.44
efficientnet_b0,Base,20366.800049,28.479422,28.479422,20362.78673,28.485035,28.485035,0.005613000000000312,4.013295000000223,35.106153066745804,0.44,4.36,6.12664794921875,63.5
efficientnet_b0,Pruning,18726.908203,26.185814,26.185814,18722.85701,26.19148,26.19148,0.0056659999999979505,4.051189999998535,38.18035482682929,0.42,3.75,5.6285200119018555,36.92
efficientnet_b0,Distillation,20367.302246,28.478507,28.478507,20362.132505,28.485737,28.485737,0.007229999999999848,5.169449999999891,35.10528745359102,0.44,4.36,6.1744585037231445,44.76
mnasnet1_0,Base,2236.336182,3.111513,3.111513,2224.731795,3.127743,3.127743,0.01623000000000019,11.604450000000135,319.7193721386564,0.14,3.94,4.155346870422363,82.94
mnasnet1_0,Pruning,2019.512695,2.818644,2.818644,2015.33046,2.824493,2.824493,0.005848999999999993,4.1820349999999955,354.04580608491796,0.14,3.66,3.8280601501464844,69.37
mnasnet1_0,Distillation,2017.616211,2.815735,2.815735,2013.2505250000002,2.821841,2.821841,0.006105999999999945,4.3657899999999605,354.37859594001844,0.14,3.94,4.023832321166992,85.59
resnet18,Base,1947.864014,2.718404,2.718404,1943.65886,2.724285,2.724285,0.005881000000000025,4.2049150000000175,367.0687454878973,0.14,10.97,10.183093070983887,87.83
resnet18,Pruning,1961.974609,2.737982,2.737982,1957.65713,2.74402,2.74402,0.006037999999999766,4.317169999999832,364.4287732981564,0.14,9.62,9.323553085327148,67.69
resnet18,Distillation,2050.018799,2.859715,2.859715,2044.696225,2.867159,2.867159,0.007444000000000006,5.322460000000005,348.7772894320663,0.14,10.98,10.13451862335205,99.3
mobilenet_v2,Base,2066.691895,2.875524,2.875524,2055.99966,2.890478,2.890478,0.014953999999999912,10.692109999999937,345.9635186695306,0.14,2.84,3.390448570251465,67.41
mobilenet_v2,Pruning,2154.990479,3.00229,3.00229,2146.63735,3.013973,3.013973,0.01168300000000011,8.353345000000079,331.7880087951887,0.14,2.58,3.3179101943969727,69.09
mobilenet_v2,Distillation,2170.875244,3.029479,3.029479,2166.077485,3.036189,3.036189,0.006709999999999994,4.7976499999999955,329.3602439735593,0.14,2.84,3.4067869186401367,79.44
efficientnet_b0,Base,20367.290039,28.478798,28.478798,20362.34057,28.48572,28.48572,0.006921999999999429,4.9492299999995915,35.105308493711874,0.44,4.36,6.12664794921875,63.5
efficientnet_b0,Pruning,18734.258789,26.186383,26.186383,18723.263845,26.201761,26.201761,0.01537800000000189,10.995270000001351,38.16537435790196,0.42,3.75,5.6285200119018555,36.92
efficientnet_b0,Distillation,20365.839355,28.477945,28.477945,20361.730675,28.483691,28.483691,0.005746000000002027,4.1083900000014495,35.107809088382155,0.44,4.36,6.1744585037231445,44.76
mnasnet1_0,Base,2427.132812,3.388675,3.388675,2422.902625,3.394591,3.394591,0.005916000000000032,4.229940000000023,294.5862692247267,0.14,3.94,4.155346870422363,82.94
mnasnet1_0,Pruning,2152.412354,2.999502,2.999502,2144.64393,3.010367,3.010367,0.010864999999999903,7.76847499999993,332.1854191513342,0.14,3.66,3.8280601501464844,69.37
mnasnet1_0,Distillation,2183.40625,3.047108,3.047108,2178.68222,3.053715,3.053715,0.0066069999999998075,4.724004999999862,327.46997953312626,0.14,3.94,4.023832321166992,85.59
resnet18,Base,2052.504639,2.863747,2.863747,2047.579105,2.870636,2.870636,0.006889000000000145,4.925635000000104,348.3548764831805,0.14,10.97,10.183093070983887,87.83
resnet18,Pruning,2188.650635,3.053692,3.053692,2183.38978,3.06105,3.06105,0.007357999999999976,5.260969999999983,326.6853048933504,0.14,9.62,9.323553085327148,67.69
resnet18,Distillation,1951.255371,2.712788,2.712788,1939.64342,2.729028,2.729028,0.01623999999999981,11.611599999999864,366.43076586821604,0.14,10.98,10.13451862335205,99.3
mobilenet_v2,Base,1556.131348,2.170386,2.170386,1551.82599,2.176407,2.176407,0.006021000000000054,4.305015000000038,459.4727822422867,0.14,2.84,3.390448570251465,67.41
mobilenet_v2,Pruning,1718.950684,2.388343,2.388343,1707.665245,2.404127,2.404127,0.01578400000000002,11.285560000000014,415.9514328451787,0.14,2.58,3.3179101943969727,69.09
mobilenet_v2,Distillation,2169.531494,3.027532,3.027532,2164.68538,3.03431,3.03431,0.006778000000000173,4.846270000000123,329.5642409328399,0.14,2.84,3.4067869186401367,79.44
efficientnet_b0,Base,20371.03125,28.477565,28.477565,20361.458974999998,28.490953,28.490953,0.01338800000000262,9.572420000001873,35.09886128126184,0.44,4.36,6.12664794921875,63.5
efficientnet_b0,Pruning,18839.116699,26.342435,26.342435,18834.841024999998,26.348415,26.348415,0.0059800000000009845,4.275700000000704,37.95294712718421,0.42,3.75,5.6285200119018555,36.92
efficientnet_b0,Distillation,20367.963623,28.477937,28.477937,20361.724955,28.486662,28.486662,0.008724999999998317,6.238374999998797,35.10414753454315,0.44,4.36,6.1744585037231445,44.76
mnasnet1_0,Base,2111.930664,2.947765,2.947765,2107.6519749999998,2.953749,2.953749,0.005984000000000211,4.278560000000152,338.55278120058586,0.14,3.94,4.155346870422363,82.94
mnasnet1_0,Pruning,2132.888916,2.973551,2.973551,2126.088965,2.983061,2.983061,0.00951000000000013,6.799650000000092,335.22608450744093,0.14,3.66,3.8280601501464844,69.37
mnasnet1_0,Distillation,2192.98584,3.053138,3.053138,2182.9936700000003,3.067113,3.067113,0.013974999999999849,9.992124999999891,326.0394969080147,0.14,3.94,4.023832321166992,85.59
